sequence,class,set
UAGUGGUUAUCACUUUCGGUUUUGAUCCGGA,POS,train
AUCAAGUGUAGUAUCUGUUCUUUUCAGUGUA,POS,train
UGGAUUCAGAACUAAUUCCUUUGUUGGUACU,Neg,train
UGCAGCACAAAUUUGUAGACAGGCUGGUUUG,POS,train
GUUAAUGCGGGAAGAUUACAUUGCCUUGAAA,Neg,train
CUGUUCUUUUCAGUGUAACAACUGAAAUGAC,POS,train
UUCAUCUCUAAAAUUUAGAUAUGGACGUUUG,Neg,train
UCUGGGAGUGGUAAAUCUACUGACCAUCUUC,Neg,train
CUUUUUUAAUGUCCGUUUCUAUGAUUGGGCU,POS,train
AGGGUCAAAUCUUCGUUGACCGUCAAUUACA,POS,train
GGUUCGUUUUAUUGAUAGAAAACAGGACAGU,Neg,train
UAUUUCUGCCAAUUCUUCCUUUAACUGUGAC,Neg,train
CCUGCUUAUUGUGGGUUGUCCCGCCAUUAUU,Neg,train
UCUUUCAAAAACGCUUGAUUUGCUGGCACCU,Neg,train
CAGAAUGGGCGCUUGUCGCGUGCCAGAUCGG,POS,train
UCGUAAUUUGAGAUCUCUGCAAAACAAUGCA,Neg,train
AAGUGUAGUAUCUGUUCUUUUCAGUGUAACA,POS,train
UAGUGGUUAUCACUUUCGGUUUUGAUCCGGA,POS,train
AAACGAUGAUGAAAUUGAUGAGGCUGAUCCA,Neg,train
UAAGCGCAAGUGGUUUAGUGGUAAAAUCCAA,POS,train
CUAUCAUCGCUGAUCUCCCACUCCCUGAUCU,POS,train
GGAUUCCUUCCGCAAUUCUUCUGAAAUACUG,Neg,train
UAGACAGGUCGUCCGUAGAUAUUUACAUAAA,Neg,train
GGUUAAGGCGAAAGAUUAGAAAUCUUUUGGG,POS,train
AACUCCAGUUCUUUAUCUUCUUUCUCCGCUG,POS,train
UUUCGCUACAUGUAAUGGAAGAUCAUCUGUA,Neg,train
UAUUGUGACACUGUAUCAUUCCUUUCAAACC,Neg,train
CACUUUUCAUUGAUCUAUUUGAUAAAUCUGC,Neg,train
GGUUAAGGCGAAAGAUUAGAAAUCUUUUGGG,POS,train
CACUAGAGUCCAAUCUACGCGACUUAUUGCA,Neg,train
CGUAGAUGUUUGUUGUUCACCCACAACUGAA,POS,train
CCAGUGCGUCUACUAUUACUCGGCCAAAUAU,POS,train
CACUUUCGGUUUUGAUCCGGACAACCCCGGU,POS,train
UCUUCCGUGAUAGUUUAAUGGUCAGAAUGGG,POS,train
AGGUACGCAUAAGCGUGAACCCCGGUCGACG,Neg,train
UGAUAUUAACGAAAAUGAAGAGCUCCAAAAU,Neg,train
GCAAUCGGUAGCGCGUAUGACUCUUAAUCAU,POS,train
GUUCCAAGACAUUACUGUCGAACCUCAAUCC,Neg,train
GGUAUGUUAUUUAUGUAACGGGUAUGCGAAC,POS,train
UCAUUGUUCUUGGAUUUCAAUGGGUGCUGUC,POS,train
GCGAAAGAUUAGAAAUCUUUUGGGCUUUGCC,POS,train
CAGGUCCUUCACCUGUUUGUCCAAGGGAGUA,Neg,train
CUUUCUCAUACCCUGUAGACCAGACCUCUCU,POS,train
AAUUGAUCUAUGUUGUAGCUGCGCUGGCGGC,POS,train
UGUAGUAUCUGUUCUUUUCAGUGUAACAACU,POS,train
UUUUGCGAUUAUGGCUUGUUGACCAUUCACA,Neg,train
CUACUCUGAAAAUUAUACCUACGGAAAAAUU,Neg,train
UUGCUUUGUGGAAGUUCGAAACUCCAAAGUA,POS,train
AAACAAGCAAGAUCUUCCCAUACCGUUUCCC,Neg,train
CCGGACAACCCCGGUUCGAAUCCGGGUAGGA,POS,train
GGUACUGGACGAGAAUCGCAGAACAAUUUGA,POS,train
ACCAUUCACAAAAGUUGGUCUAACAUAAUUU,Neg,train
AGUGGUUUCCUAGUGUAUCAGCCACUAUCGG,POS,train
ACCGUUUCCCCUGCAUGUAGAAUGCAACGAU,Neg,train
GAUAAUUGGAUUUCUUGCAUUUUUUGCGAUU,Neg,train
AACCAAGUCAUUCGGUAACAAGUUCCAAGAC,Neg,train
CGCCAUUAUUGUUAAUAGAUUCAACAAAAUA,Neg,train
UGAGUGAUGGAAGUGUAGUUAUCCGGAGAUC,POS,train
CCUUAUUAACGGAGAUUUGAUUUCUCCCAGC,Neg,train
AUUUGGCCAUUCAACUUCAUAAGUGGUCGGU,Neg,train
CGUUGGGCCCCCGGUUCGAUUCCGGGCUUGC,POS,train
CUUCUUCAAAAAAGUUCAGUGGUCGUUCUUA,Neg,train
UCAAUAACCAGGAGUUUCAAAAACAAACAGG,Neg,train
CUCGCCAGUUUUUUGUUCUUCCACGUAAUCC,Neg,train
CUCCUGCUUGUGUAUUAAAGGACAUGAAAUA,Neg,train
GAAAAAAGUUCAGAAUUGCAGAAAAGUGGUG,POS,train
AGGAUUACUUGGACAUUAACGGUUCUCCUAU,POS,train
GGAAGUUUCGAAGAAUUGUAAAGACCUGAUA,Neg,train
CUGGUAUAUUCUAUAUACUCACUUAUUACUU,POS,train
AUUGUUCGAAGGUAAUGCCUUGAUCAGAAGA,POS,train
AGAAAAGCACAGACCUUAUUGAGCUUUUGAA,Neg,train
UGGUAAAAUCCAACGUUGCCAUCGUUGGGCC,POS,train
AUAUAAUAUCAUUUAUUGUCUGAUAAUGCUG,Neg,train
GUGCCAGAUCGGGGUUCAAUUCCCCGUCGCG,POS,train
UCUGCCCGCGCUGGUUCAAAUCCUGCUGGUG,POS,train
UGGACGUUUGAGAUAUUUUCGUAUUUCUGCC,Neg,train
CUGUUGGUCCUUAGUUCGAUCCUGAGUGCGA,POS,train
AUGGUGUGGUCACUGUAAGAGAUUGGCCCCA,POS,train
GAACGUCAAUUCUUGUUCGUUGUCCGCAAGC,Neg,train
CGCAAGAUCGUGAGUUCAACCCUCACUGGGG,POS,train
GCCCGUUUACACAUUUUGAUACAACCGUAGA,POS,train
UGAUGACUUGAAAUGUUCUGACAGGUAAGAU,Neg,train
GUGGAGAUCAUCGGUUCAAAUCCGAUUGGAA,POS,train
AAGGUCGAAAAAGUUUCAGGCAGUUUCUCAG,POS,train
GGUUAUCACUUUCGGUUUUGAUCCGGACAAC,POS,train
AUCAAAGAGCAGUGGUACUACAGAUGCGUCA,Neg,train
AAUGGCUCUUUUUGUUAUUCGAAAGCUUACA,POS,train
UCCUUUUAUAUUGUCUUGCAAUAAACACCCG,Neg,train
ACUUAUUGCAUUCCUUGGAAGGUGAAAGUCU,Neg,train
UUUAUCAUUGAAAAUUCACGUGAUCGCAAUA,Neg,train
UACUUGUUUUCUUUUUUGUGCCUUUGUUACG,POS,train
GCUUUCCCUUUGAAUUUUUAUUAUACCCUCU,Neg,train
AGGGGACUUUCUGGCUUUUUUUUUUACGAAA,Neg,train
CCUGAGUAAUGGAUCUUUGAAUGAUAUUAAC,Neg,train
UUCUGGUAUAUUCUAUAUACUCACUUAUUAC,POS,train
GAAGAGGUCAUCGGUUCGAUUCCGGUUGCGU,POS,train
GAUUUUACCGUUUUCUGGGGACAUCAUGAUA,Neg,train
UUAUCCGAUAUAGUGUAACGGCUAUCACAUC,POS,train
AAACGAGAAAGUGAAUGAAAAAUAUAAUAUC,Neg,train
AAACAAUGCACCUCCUGGCAAAAACAUCAAU,Neg,train
CGGGAGGUCCCGGGUUCGAGUCCCGGCUCGC,POS,train
AGAAAAAGCCAAUGAUGAGAUACAAGCCAUU,POS,train
UAAGUCCUUGUAAUAUUCUAGCUUUUGAGUC,Neg,train
GCCGAUCUGUGCCAUUAUAGUAAGCAGUGCC,Neg,train
GGACACUUCUGAUGUUUCAAAAGAUAUUCCA,POS,train
ACAAAGGUCUUCCUAUGAUUCCGGCGUUCGU,POS,train
GUGUAGUAUCUGUUCUUUUCAGUGUAACAAC,POS,train
CGUAGGUAAAGUGUAUUUAGUGAGGGAACGC,Neg,train
AUACUAUUCAGUUUCUCAGAUAUAGGUUGCA,POS,train
CAUUAGUCAAAGAAAUGAAGCGGUUCGUUUU,Neg,train
CUAGCGCAAGUGGUUUAGUGGUAAAAUCCAA,POS,train
GAAACAAGAUUUCUGUAGCAUACUCGCUUCA,POS,train
AAUUUGCGAAGGAUUUACCGAAGAAAAGCAC,Neg,train
UCGUCAUUGCACAAAUUAGUUUAUUAUUCAC,Neg,train
GAUUCUCGCUUAGGGUGCGGGAGGUCCCGGG,POS,train
CGUCAAAUUUCCACAUGAUAAGGAAGUUUCG,Neg,train
CCGGUCGACGAUACAUACAGAGCUGUUACAA,Neg,train
GCAGCAGAUUGCAAAUCUGUUGGUCCUUAGU,POS,train
CAAGUGUAGUAUCUGUUCUUUUCAGUGUAAC,POS,train
AAACAUCAAUGUCAAUUGUUUGAACGUCAAU,Neg,train
GUAAGAUGCAAGAGUUCGAAUCUCUUAGCAA,POS,train
AUUCUUUUUUUGAUGUAAUAGGAUAAGCUUG,POS,train
AUCAAUGUUUAAUCAUAACAGAUCAAAGAGC,Neg,train
GAGGAGAUCUCGUCGUUUAAGAACCAAGUCA,Neg,train
UGUUGCCGCUAAGUGUAAGGAAGUCGGUAUC,POS,train
UCUCAACAUUCUUAAUCCAAACGAUGUCCUU,Neg,train
CAUGGAUGAUAUUUGUAGUAUGGCGGAAAAC,POS,test
GCGAAAGAUUAGAAAUCUUUUGGGCUUUGCC,POS,test
GAAUAUACAUUCUAUUAUCGAACCUGGCCAU,POS,test
UUUUAUCCAAUCAUCUGGCAAGUCCUUAAUU,Neg,test
UGGCUGUACUCCAUUUAAAGGAGAUAAUUCA,Neg,test
UUCCCCAAGGAAAAAUAGCGAAACCAGAAAG,Neg,test
ACAAUUUUCACAGUUUAAGGCCAAGAACAAG,POS,test
GAUUCGUAUCUGUAGUUUCUCAUCAGCAAGA,Neg,test
AAGUUUGAUGUGAAGUAUUCUGCUAACCGUU,Neg,test
CGUGGAGACCGGGGUUCGACUCCCCGUAUCG,POS,test
GGACACUUCUGAUGUUUCAAAAGAUAUUCCA,POS,test
GAUCGCAAUAUUCCGUCAGGAGUGAUAAAUA,Neg,test
UUGUUUGCCUAUCCUUCCAUCUGAUGACUUG,Neg,test
GGCUGUGUUCUUCUUUCUAAAUUCCCUAUCG,POS,test
UACUACACAGACUACUAUUAGAAUUUGCGAA,Neg,test
CUCUUCCUCAUCAUCUUCAGCCUCAACAUUU,Neg,test
AAAAUGAGAAGAGUGUAGAUGUAUUAUCCUU,POS,test
CAUCAUGAUAUCAUUUGGUACAUAAUGAACA,Neg,test
CAUAAGGUUAGGGGUUCGAGCCCCCUACAGG,POS,test
GUAAGAUGCAAGAGUUCGAAUCUCUUAGCAA,POS,test
AAACAUAUUACUGCAUCAAUCUGGUCAUGUC,Neg,test
GGCUUCAUUAACAUGUACUUCAACUACGGAA,POS,test
UUCAAAUAUGCUUAAUCUGAUCUCUUCUGCG,Neg,test
UAAAAAGUUCGGCUAUCUCUUGGGCUCUGCC,POS,test
UUAUCCGAUAUAGUGUAACGGCUAUCACAUC,POS,test
CCAUGGACGAGCCUGUAGUAUACAACGGUAA,POS,test
AAACAAAAGAAGCUGUUCCAGAGAGCCCAAG,POS,test
UAACUGUGGGAAUACUCAGGUAUCGUAAGAU,POS,test
UGGUCAUGUCAUGCUUUCUGACUUUGAUUUA,Neg,test
CCCCCCUCUAAUACCUGCAUUAAAUGAUAAC,Neg,test
GAGUUGUCGAGUUUUUUGAGGUUAAGAAUGA,POS,test
UUUGGUUUUCAAGUGUAAUAGGCUACGUGAU,POS,test
UAAAUUUCGCCACUGUAGAUGAAGAAGACGA,POS,test
CGUUGGGCCCCCGGUUCGAUUCCGGGCUUGC,POS,test
AAGCAGUGCCACUUGUCUAAUAUAAGAUGAU,Neg,test
AAUUAAUAUGGCUUGUAAUGGAAACAAGCAA,Neg,test
GGCUGAUCCAUUCCAUGAUUUUAAUUCUAUG,Neg,test
AUCUUAUGAUAAAAAUGUAAAAAAUUAUUUA,Neg,test
CAUUACUUGCUUAUCUGAAUUUUUUUCCAUU,Neg,test
UGGUAAAAUCCAACGUUGCCAUCGUUGGGCC,POS,test
GGAAAAACCCGUUGCUAGAAGCGCAACUGGU,POS,test
CCCCUGAAUAUCUUAUUUUAGCAUUAGUCAA,Neg,test
UCAAGACAAAAGUGUUCUUUCAUCUGCAGUG,POS,test
GCGUCUGACUUCUAAUCAGAAGAUUAUGGGU,POS,test
CGCGACAAGUGAUCAUCCAUUUAUUGUGACA,Neg,test
AAGGUACCAGGAAAGUUUCUGAAACCAUCCC,Neg,test
AUCGACAUAUGCUGGUUACAUGGCAGUAGAA,POS,test
CAGUGGUUCAAGACGUCGCCUUUACACGGCG,POS,test
UAUAUUAUCACUUUUUAAUAUUCUUUUCAAA,Neg,test
CACUUUCGGUUUUGAUCCGGACAACCCCGGU,POS,test
GCUCCAAAAUUUCCAUAGAAAAAUCAGCGAA,Neg,test
CUCUAGGUGAACGUUUAAUCUGACAUCCGGG,Neg,test
UUUAGGACCGAGCUUUUAGUGGAUGUCAUCA,POS,test
AGAUACAAAAAUUUGUUCAGAUGGAUUCAGA,Neg,test
UGCCUUGAAACAACCUCCAAGCUUGGGAGAU,Neg,test
GCGUGCGACUGUUAAUCGCAAGAUCGUGAGU,POS,test
UACGUACCAUCCGCAUCAGUGGAUAUCCAAU,Neg,test
GCAAUUGGAAAAAUCUAUUAACCCAGAUGAA,POS,test
CUUAAUAGCGCUUGUUUCUGCUUGCUCUACC,Neg,test
GUGGAGAUCAUCGGUUCAAAUCCGAUUGGAA,POS,test
AAUCUUUACUCUACUUAUUAUCCAUUGCAUC,Neg,valid
ACCGAUUCGAGUGAGUACGUUUUCAAAUAUG,Neg,valid
GAUAUCCAAUGAUAGUAAUUUCGCGAGUUUA,Neg,valid
UGCACGAUGGUCCAGUUAUUGAUGAAUUUUU,Neg,valid
CGCGAGUUUAUCCGUUGCUGUUAUAUUAUCA,Neg,valid
UAACUGUGACCGUACUGAUUCGCUUUCCCUU,Neg,valid
UCCAACCGCAACUUCUUGUUCUUGCUUAUGC,Neg,valid
UUGGCGUACAGAUUGUAGUUGUGGCUGCUAC,POS,valid
AGAAUACUUUGAAGGUUUAACCGAGGAAAUG,POS,valid
AUGGCGGCGGGUGCCUUUGGAGCAGCAAUCG,POS,valid
CCAAGAUAGACUAUGUAAUGGUAAAGAACAU,POS,valid
CGUGGAGACCGGGGUUCGACUCCCCGUAUCG,POS,valid
UAUUAUUCACGACUCUUAACAACGACAAUUU,Neg,valid
UAUAGCAAAGGACAGUAGAAACCUGAGUAAU,Neg,valid